City_ID,City,Country,Date,Lat,Lng,Max Temp,Humidity,Cloudiness,Wind Speed
0,Hofn,IS,2021-10-26 03:35:13,64.2539,-15.2082,40.66,71,48,7.47
1,Acapulco,MX,2021-10-26 03:35:14,16.8634,-99.8901,78.42,86,94,1.92
2,Grindavik,IS,2021-10-26 03:35:14,63.8424,-22.4338,37.35,87,75,8.05
3,Kungurtug,RU,2021-10-26 03:35:14,50.5994,97.5228,42.93,38,14,0.96
4,Upernavik,GL,2021-10-26 03:35:15,72.7868,-56.1549,14.72,55,11,7.14
5,Ushuaia,AR,2021-10-26 03:35:15,-54.8,-68.3,31.66,86,20,11.5
6,Los Llanos De Aridane,ES,2021-10-26 03:35:16,28.6585,-17.9182,67.75,80,75,4.0
7,Bluff,NZ,2021-10-26 03:35:16,-46.6,168.3333,52.9,90,99,10.65
8,Aksha,RU,2021-10-26 03:35:17,50.2814,113.2867,46.4,37,34,10.65
9,Itarema,BR,2021-10-26 03:35:17,-2.9248,-39.9167,79.5,73,23,15.99
10,Hambantota,LK,2021-10-26 03:30:50,6.1241,81.1185,79.14,100,90,2.3
11,Solnechnyy,RU,2021-10-26 03:35:18,50.7214,136.6319,50.13,55,39,6.76
12,Kendallville,US,2021-10-26 03:35:18,41.4414,-85.265,47.52,93,90,11.5
13,Sechura,PE,2021-10-26 03:35:18,-5.5569,-80.8222,65.75,76,100,13.15
14,Camrose,CA,2021-10-26 03:30:20,53.0168,-112.8353,36.66,68,29,5.82
15,Katsuura,JP,2021-10-26 03:35:19,35.1333,140.3,66.24,79,89,19.66
16,Lakes Entrance,AU,2021-10-26 03:35:20,-37.8811,147.981,61.16,62,20,9.75
17,Leningradskiy,RU,2021-10-26 03:35:20,69.3833,178.4167,9.9,94,100,18.23
18,Hermanus,ZA,2021-10-26 03:35:20,-34.4187,19.2345,61.81,83,100,16.37
19,Qiyang,CN,2021-10-26 03:35:21,26.5911,111.8474,67.91,63,87,3.71
20,Port Elizabeth,ZA,2021-10-26 03:35:21,-33.918,25.5701,62.89,82,20,12.66
21,Lavrentiya,RU,2021-10-26 03:35:22,65.5833,-171.0,15.78,79,100,9.82
22,Bethel,US,2021-10-26 03:35:22,41.3712,-73.414,65.12,92,90,3.0
23,Naryan-Mar,RU,2021-10-26 03:35:22,67.6713,53.087,21.49,87,86,10.42
24,Teguldet,RU,2021-10-26 03:35:23,57.3064,88.1667,38.39,83,98,7.52
25,Longyearbyen,SJ,2021-10-26 03:35:23,78.2186,15.6401,17.44,57,0,12.66
26,Castro,BR,2021-10-26 03:35:15,-24.7911,-50.0119,55.02,95,28,2.21
27,Jamestown,US,2021-10-26 03:31:55,42.097,-79.2353,55.85,98,90,1.99
28,Qui Nhon,VN,2021-10-26 03:35:24,13.7667,109.2333,76.55,91,100,18.32
29,Port Alfred,ZA,2021-10-26 03:35:24,-33.5906,26.891,63.81,86,43,16.2
30,Lagoa,PT,2021-10-26 03:35:25,39.05,-27.9833,67.23,74,1,13.18
31,Hilo,US,2021-10-26 03:35:25,19.7297,-155.09,76.73,87,75,8.05
32,Bunbury,AU,2021-10-26 03:35:26,-33.3333,115.6333,56.03,64,91,8.81
33,Namatanai,PG,2021-10-26 03:35:26,-3.6667,152.4333,84.04,64,71,4.7
34,Busselton,AU,2021-10-26 03:35:27,-33.65,115.3333,56.05,65,99,9.28
35,Shimoda,JP,2021-10-26 03:35:27,34.6667,138.95,68.11,69,56,1.05
36,Bambous Virieux,MU,2021-10-26 03:35:28,-20.3428,57.7575,75.22,83,40,14.97
37,Caruray,PH,2021-10-26 03:35:28,10.3094,119.0128,86.54,69,100,2.66
38,Torbay,CA,2021-10-26 03:35:29,47.6666,-52.7314,40.26,82,90,8.05
39,Saskylakh,RU,2021-10-26 03:35:30,71.9167,114.0833,1.85,96,100,2.19
40,Pevek,RU,2021-10-26 03:35:30,69.7008,170.3133,2.66,93,100,3.42
41,Boca Do Acre,BR,2021-10-26 03:35:30,-8.7522,-67.3978,70.68,99,98,2.28
42,Rikitea,PF,2021-10-26 03:35:31,-23.1203,-134.9692,75.78,72,76,15.73
43,Livingstonia,MW,2021-10-26 03:35:31,-10.606,34.1063,66.18,68,21,2.77
44,Belaya Gora,RU,2021-10-26 03:35:32,68.5333,146.4167,1.33,96,95,1.79
45,Kavaratti,IN,2021-10-26 03:35:32,10.5669,72.642,81.88,75,100,14.58
46,Cape Town,ZA,2021-10-26 03:35:32,-33.9258,18.4232,62.11,64,0,1.01
47,Faanui,PF,2021-10-26 03:35:33,-16.4833,-151.75,74.23,89,100,8.01
48,Oktyabrskoye,RU,2021-10-26 03:35:33,43.0645,44.7417,30.34,100,90,2.24
49,Poronaysk,RU,2021-10-26 03:35:34,49.2167,143.1167,54.75,52,3,10.16
50,Bengkulu,ID,2021-10-26 03:35:34,-3.8004,102.2655,83.39,68,100,4.63
51,Tasiilaq,GL,2021-10-26 03:35:34,65.6145,-37.6368,37.56,80,100,7.11
52,Mahebourg,MU,2021-10-26 03:35:35,-20.4081,57.7,75.25,83,40,14.97
53,Minab,IR,2021-10-26 03:35:35,27.1467,57.0801,74.7,64,0,1.79
54,Cabo San Lucas,MX,2021-10-26 03:35:35,22.8909,-109.9124,81.05,74,2,5.99
55,Jamalteca,HN,2021-10-26 03:35:36,14.7,-87.5833,73.74,89,63,1.66
56,Kodiak,US,2021-10-26 03:33:16,57.79,-152.4072,38.82,96,100,11.7
57,New Norfolk,AU,2021-10-26 03:35:37,-42.7826,147.0587,64.65,33,1,3.18
58,Okakarara,NA,2021-10-26 03:35:37,-20.5833,17.4333,63.03,25,17,4.09
59,Naldurg,IN,2021-10-26 03:35:37,17.8167,76.3,77.81,47,0,9.01
60,Malanje,AO,2021-10-26 03:35:38,-9.5402,16.341,64.56,93,99,2.44
61,Xichang,CN,2021-10-26 03:35:38,27.8964,102.2634,60.15,78,97,5.01
62,Cervo,ES,2021-10-26 03:35:39,43.6702,-7.4101,49.19,84,24,4.88
63,Yellowknife,CA,2021-10-26 03:35:39,62.456,-114.3525,42.42,90,90,9.22
64,Vostok,RU,2021-10-26 03:33:03,46.4856,135.8833,52.27,41,3,5.95
65,Kaitangata,NZ,2021-10-26 03:35:40,-46.2817,169.8464,54.09,83,100,7.49
66,Zhengjiatun,CN,2021-10-26 03:35:40,43.5064,123.5064,57.65,31,61,14.81
67,Normandin,CA,2021-10-26 03:35:40,48.8333,-72.5321,37.71,87,94,5.75
68,Shahr-E Babak,IR,2021-10-26 03:35:41,30.1165,55.1186,57.61,21,0,4.5
69,Bredasdorp,ZA,2021-10-26 03:34:14,-34.5322,20.0403,61.29,88,100,10.36
70,Provideniya,RU,2021-10-26 03:35:41,64.3833,-173.3,21.31,58,75,11.18
71,Emba,KZ,2021-10-26 03:33:05,48.8264,58.1442,37.47,79,43,14.2
72,Ponta Do Sol,PT,2021-10-26 03:35:42,32.6667,-17.1,69.01,67,6,6.76
73,Ibanda,TZ,2021-10-26 03:35:42,-2.7974,32.4746,68.2,80,98,0.69
74,Chokurdakh,RU,2021-10-26 03:35:43,70.6333,147.9167,-21.03,100,28,2.37
75,Isangel,VU,2021-10-26 03:35:43,-19.55,169.2667,84.31,65,75,11.5
76,Broome,US,2021-10-26 03:35:44,42.2506,-75.833,63.18,83,20,1.99
77,East London,ZA,2021-10-26 03:35:44,-33.0153,27.9116,61.74,94,20,2.3
78,Kapaa,US,2021-10-26 03:35:45,22.0752,-159.319,82.38,83,40,11.5
79,Trapani,IT,2021-10-26 03:35:45,37.8333,12.6667,62.92,94,0,1.14
80,Butaritari,KI,2021-10-26 03:35:46,3.0707,172.7902,82.47,74,8,7.65
81,Rocha,UY,2021-10-26 03:35:46,-34.4833,-54.3333,53.78,79,27,6.8
82,Mataura,NZ,2021-10-26 03:35:46,-46.1927,168.8643,60.17,89,94,5.66
83,Eyl,SO,2021-10-26 03:35:47,7.9803,49.8164,79.09,76,88,6.69
84,Carnarvon,AU,2021-10-26 03:35:47,-24.8667,113.6333,69.87,49,40,14.97
85,Sioux Lookout,CA,2021-10-26 03:35:48,50.1001,-91.917,34.18,100,1,0.0
86,Pravia,ES,2021-10-26 03:35:48,43.4906,-6.1508,50.29,93,0,5.75
87,Punta Arenas,CL,2021-10-26 03:31:34,-53.15,-70.9167,39.31,75,75,8.05
88,Avarua,CK,2021-10-26 03:35:49,-21.2078,-159.775,75.25,60,75,10.36
89,Jizan,SA,2021-10-26 03:35:49,17.3333,42.6667,81.54,63,1,2.04
90,Thompson,CA,2021-10-26 03:35:50,55.7435,-97.8558,35.76,80,75,3.44
91,Dikson,RU,2021-10-26 03:35:50,73.5069,80.5464,13.55,85,100,14.45
92,Albany,US,2021-10-26 03:35:50,42.6001,-73.9662,54.75,90,100,3.09
93,Vila Franca Do Campo,PT,2021-10-26 03:32:40,37.7167,-25.4333,68.41,83,16,8.25
94,Tiznit,MA,2021-10-26 03:35:51,29.5833,-9.5,57.63,87,0,1.32
95,Clyde River,CA,2021-10-26 03:33:20,70.4692,-68.5914,19.2,81,66,7.99
96,Tambura,SS,2021-10-26 03:35:51,5.6,27.4667,69.42,85,100,3.42
97,Ahipara,NZ,2021-10-26 03:35:52,-35.1667,173.1667,67.35,74,99,7.38
98,Qaanaaq,GL,2021-10-26 03:35:52,77.484,-69.3632,6.71,72,100,13.15
99,Dunda,TZ,2021-10-26 03:35:53,-8.1167,34.25,66.36,56,79,3.33
100,Colon,PA,2021-10-26 03:35:53,9.3592,-79.9014,81.36,88,88,8.99
101,Guerrero Negro,MX,2021-10-26 03:35:54,27.9769,-114.0611,67.15,73,45,18.95
102,Brae,GB,2021-10-26 03:35:54,60.3964,-1.353,48.11,85,65,14.52
103,Morgan City,US,2021-10-26 03:35:54,29.6994,-91.2068,75.0,87,12,4.27
104,Mumford,GH,2021-10-26 03:35:55,5.2618,-0.759,77.32,89,100,9.62
105,Bima,ID,2021-10-26 03:35:55,-8.4667,118.7167,96.1,43,100,3.36
106,Rahon,IN,2021-10-26 03:35:55,31.05,76.1167,70.0,52,0,5.26
107,Linxia,CN,2021-10-26 03:35:56,35.6003,103.2064,39.56,89,100,3.15
108,Chapais,CA,2021-10-26 03:32:46,49.7834,-74.8492,33.58,89,100,5.95
109,Bairiki,KI,2021-10-26 03:35:56,1.3292,172.9752,86.0,70,20,13.8
110,Saint-Philippe,RE,2021-10-26 03:35:57,-21.3585,55.7679,75.11,79,40,14.36
111,Bozdar,PK,2021-10-26 03:35:57,27.1828,68.636,80.71,33,0,5.17
112,Vaini,TO,2021-10-26 03:35:58,-21.2,-175.2,78.96,78,20,10.36
113,Pandamatenga,BW,2021-10-26 03:35:58,-18.5278,25.627,75.78,45,95,12.08
114,Saint George,US,2021-10-26 03:35:59,37.1041,-113.5841,63.19,69,75,15.99
115,Juneau,US,2021-10-26 03:35:16,58.3019,-134.4197,39.85,97,90,0.0
116,Khatanga,RU,2021-10-26 03:35:59,71.9667,102.5,4.96,95,100,3.87
117,Chuy,UY,2021-10-26 03:36:00,-33.6971,-53.4616,59.04,76,0,5.79
118,Teknaf,BD,2021-10-26 03:36:00,20.8624,92.3058,81.45,75,96,1.59
119,Nikolskoye,RU,2021-10-26 03:36:01,59.7035,30.7861,43.39,88,100,9.66
120,Port Keats,AU,2021-10-26 03:36:01,-14.25,129.55,91.71,55,5,11.39
121,Mehamn,NO,2021-10-26 03:36:01,71.0357,27.8492,32.18,86,40,14.97
122,Hamilton,US,2021-10-26 03:32:51,39.1834,-84.5333,52.65,91,90,4.0
123,Grand Gaube,MU,2021-10-26 03:36:02,-20.0064,57.6608,75.38,73,32,8.99
124,Ilulissat,GL,2021-10-26 03:36:03,69.2167,-51.1,8.62,66,0,3.44
125,Klaksvik,FO,2021-10-26 03:36:03,62.2266,-6.589,43.72,77,96,8.03
126,Lannion,FR,2021-10-26 03:36:04,48.75,-3.4167,55.65,94,90,11.5
127,Datong,CN,2021-10-26 03:36:04,40.0936,113.2914,51.73,25,0,12.8
128,Broken Hill,AU,2021-10-26 03:32:21,-31.95,141.4333,76.71,10,1,10.36
129,Yankton,US,2021-10-26 03:36:05,42.8711,-97.3973,46.65,76,1,10.36
130,Rossland,CA,2021-10-26 03:36:06,49.0831,-117.8022,41.32,74,99,1.01
131,Oyama,JP,2021-10-26 03:36:06,36.3,139.8,68.04,57,56,9.66
132,Nanortalik,GL,2021-10-26 03:36:06,60.1432,-45.2371,35.71,64,90,12.68
133,Rio Grande,BR,2021-10-26 03:33:22,-32.035,-52.0986,63.28,78,0,8.7
134,Kavieng,PG,2021-10-26 03:36:07,-2.5744,150.7967,83.44,70,67,5.32
135,Zuwarah,LY,2021-10-26 03:36:07,32.9312,12.082,69.93,75,13,15.05
136,Guajara,BR,2021-10-26 03:36:08,-2.9667,-57.6667,76.5,83,79,2.33
137,Coquimbo,CL,2021-10-26 03:36:08,-29.9533,-71.3436,58.73,88,90,8.05
138,Saint-Augustin,CA,2021-10-26 03:36:09,51.226,-58.6502,36.86,79,32,9.22
139,Ndjole,GA,2021-10-26 03:36:09,-0.1783,10.7649,72.81,99,100,1.03
140,Dingle,PH,2021-10-26 03:36:10,10.9995,122.6711,85.01,73,99,10.11
141,Barrow,US,2021-10-26 03:36:10,71.2906,-156.7887,24.82,86,90,12.66
142,Plettenberg Bay,ZA,2021-10-26 03:36:11,-34.0527,23.3716,57.6,83,83,6.51
143,Tuktoyaktuk,CA,2021-10-26 03:36:11,69.4541,-133.0374,28.4,100,90,3.44
144,Berlevag,NO,2021-10-26 03:36:12,70.8578,29.0864,32.0,87,100,24.25
145,Tura,IN,2021-10-26 03:36:12,25.5198,90.2201,78.73,65,0,0.87
146,Palmer,US,2021-10-26 03:36:12,42.1584,-72.3287,52.21,85,90,1.01
147,Atuona,PF,2021-10-26 03:36:13,-9.8,-139.0333,78.01,71,11,15.59
148,Krutinka,RU,2021-10-26 03:36:13,56.0055,71.5113,36.99,96,100,18.05
149,Necochea,AR,2021-10-26 03:36:14,-38.5473,-58.7368,48.04,63,13,9.62
150,Uthal,PK,2021-10-26 03:36:14,25.8072,66.6219,81.93,33,0,2.06
151,Hualmay,PE,2021-10-26 03:36:14,-11.0964,-77.6139,62.38,84,66,9.84
152,Emerald,AU,2021-10-26 03:36:15,-23.5333,148.1667,87.94,45,34,5.75
153,Barbosa Ferraz,BR,2021-10-26 03:36:15,-24.03,-52.0117,75.49,94,32,3.51
154,Coracao De Jesus,BR,2021-10-26 03:36:16,-16.6853,-44.365,70.52,89,82,10.47
155,Severo-Kurilsk,RU,2021-10-26 03:36:16,50.6789,156.125,47.19,81,27,16.2
156,Victoria,HK,2021-10-26 03:35:37,22.2855,114.1577,80.96,74,100,1.99
157,Oktyabrskiy,RU,2021-10-26 03:36:17,54.4815,53.471,28.78,75,84,5.77
158,Kruisfontein,ZA,2021-10-26 03:36:18,-34.0033,24.7314,60.89,96,72,4.16
159,Lebu,CL,2021-10-26 03:36:18,-37.6167,-73.65,51.87,94,9,14.45
160,Ishigaki,JP,2021-10-26 03:36:18,24.3448,124.1572,78.93,65,75,14.97
161,Mao,ES,2021-10-26 03:36:19,39.8885,4.2658,59.56,88,0,5.75
162,Henties Bay,NA,2021-10-26 03:36:19,-22.116,14.2845,58.86,91,0,2.95
163,Gat,IL,2021-10-26 03:36:20,31.61,34.7642,65.39,100,0,2.08
164,Pangnirtung,CA,2021-10-26 03:36:20,66.1451,-65.7125,22.42,58,42,2.19
165,Puerto Ayora,EC,2021-10-26 03:36:20,-0.7393,-90.3518,68.56,94,78,5.01
166,Nishihara,JP,2021-10-26 03:36:21,26.1842,127.7558,80.26,51,20,13.8
167,Lata,PT,2021-10-26 03:36:21,40.1629,-8.3327,57.81,79,1,3.85
168,Tarapur,IN,2021-10-26 03:36:22,19.85,72.7,79.36,67,5,6.69
169,Maniitsoq,GL,2021-10-26 03:36:22,65.4167,-52.9,30.33,46,0,7.92
170,Japaratuba,BR,2021-10-26 03:36:23,-10.5933,-36.9403,78.08,82,70,8.48
171,Port Blair,IN,2021-10-26 03:36:23,11.6667,92.75,84.18,74,73,9.78
172,Qaqortoq,GL,2021-10-26 03:36:23,60.7167,-46.0333,41.5,52,23,9.64
173,Constancia,MX,2021-10-26 03:36:24,24.2231,-107.1869,79.05,87,0,2.57
174,Maku,IR,2021-10-26 03:36:24,39.2911,44.4521,41.02,70,53,1.88
175,Arraial Do Cabo,BR,2021-10-26 03:36:24,-22.9661,-42.0278,69.35,91,92,10.69
176,Chase,CA,2021-10-26 03:36:25,50.8165,-119.6857,55.15,93,99,4.56
177,Hovd,MN,2021-10-26 03:36:25,48.0056,91.6419,42.51,34,8,3.0
178,Manokwari,ID,2021-10-26 03:36:26,-0.8667,134.0833,84.6,69,3,10.76
179,Yuyao,CN,2021-10-26 03:36:26,30.05,121.1494,69.57,63,78,5.1
180,Eureka,US,2021-10-26 03:33:20,40.8021,-124.1637,56.01,68,94,3.0
181,Lompoc,US,2021-10-26 03:32:40,34.6391,-120.4579,58.41,86,1,4.61
182,Quatre Cocos,MU,2021-10-26 03:36:27,-20.2078,57.7625,75.09,73,35,18.19
183,Steinbach,DE,2021-10-26 03:36:27,50.1667,8.5667,51.6,92,75,4.61
184,Koygorodok,RU,2021-10-26 03:36:28,60.445,50.9968,28.02,92,100,4.41
185,Jinhua,CN,2021-10-26 03:36:28,29.1078,119.6547,71.53,64,74,2.08
186,Sistranda,NO,2021-10-26 03:36:29,63.7256,8.834,48.9,78,100,5.39
187,Yerbogachen,RU,2021-10-26 03:36:29,61.2767,108.0108,32.16,90,100,12.37
188,Concepcion Del Oro,MX,2021-10-26 03:36:30,24.6333,-101.4167,64.83,39,100,8.59
189,Poya,NC,2021-10-26 03:36:30,-21.35,165.15,79.25,57,37,6.76
190,Elat,IL,2021-10-26 03:36:31,29.5581,34.9482,67.86,71,0,7.67
191,Atar,MR,2021-10-26 03:36:31,20.5169,-13.0499,80.28,23,88,9.78
192,Lorengau,PG,2021-10-26 03:36:31,-2.0226,147.2712,85.3,65,78,6.33
193,Lasa,IT,2021-10-26 03:36:32,46.6166,10.7002,40.08,58,6,4.59
194,Te Anau,NZ,2021-10-26 03:36:32,-45.4167,167.7167,62.35,74,63,3.85
195,Chipinge,ZW,2021-10-26 03:36:33,-20.1883,32.6236,60.71,89,92,2.66
196,Magadan,RU,2021-10-26 03:36:33,59.5667,150.8,28.67,66,72,1.39
197,Labuan,MY,2021-10-26 03:36:34,5.2767,115.2417,87.96,74,20,5.01
198,Krasnoarmeysk,RU,2021-10-26 03:36:34,51.0239,45.6969,28.29,78,14,6.49
199,Visby,SE,2021-10-26 03:36:34,57.6409,18.296,47.86,93,75,9.22
200,Hithadhoo,MV,2021-10-26 03:36:35,-0.6,73.0833,83.21,68,100,16.06
201,Talnakh,RU,2021-10-26 03:36:35,69.4865,88.3972,14.68,95,100,7.4
202,Terme,TR,2021-10-26 03:36:36,41.2092,36.9739,53.96,71,93,4.59
203,Vardo,NO,2021-10-26 03:36:36,70.3705,31.1107,30.4,69,100,25.23
204,Geraldton,AU,2021-10-26 03:36:36,-28.7667,114.6,61.21,67,75,9.22
205,Ucluelet,CA,2021-10-26 03:36:37,48.9329,-125.5528,53.1,87,100,1.01
206,Scottsbluff,US,2021-10-26 03:36:37,41.8666,-103.6672,61.23,63,1,17.27
207,Haines Junction,CA,2021-10-26 03:36:38,60.7522,-137.5108,17.55,93,100,0.0
208,Ambulu,ID,2021-10-26 03:36:38,-8.345,113.6058,88.5,52,87,8.25
209,Gondanglegi,ID,2021-10-26 03:36:39,-7.7479,112.0132,95.2,40,88,10.22
210,Savelugu,GH,2021-10-26 03:36:39,9.6244,-0.8253,77.61,76,37,4.99
211,Aklavik,CA,2021-10-26 03:36:39,68.2191,-135.0107,25.63,98,82,3.83
212,Yingkou,CN,2021-10-26 03:36:40,40.6648,122.2283,62.96,40,86,9.6
213,Montes Altos,BR,2021-10-26 03:36:40,-5.8333,-47.0667,76.91,82,15,0.31
214,Amapa,BR,2021-10-26 03:36:41,1.0,-52.0,71.65,99,74,1.03
215,Manicore,BR,2021-10-26 03:36:41,-5.8092,-61.3003,74.57,99,98,4.45
216,Half Moon Bay,US,2021-10-26 03:36:41,37.4636,-122.4286,57.31,88,75,0.0
217,Nome,US,2021-10-26 03:35:57,64.5011,-165.4064,24.87,74,90,10.36
218,Bathsheba,BB,2021-10-26 03:36:42,13.2167,-59.5167,83.01,74,40,20.71
219,Mandurah,AU,2021-10-26 03:36:42,-32.55,115.7,60.91,60,99,9.51
220,Qandala,SO,2021-10-26 03:36:43,11.472,49.8728,80.19,65,5,3.47
221,Hobart,AU,2021-10-26 03:36:43,-42.8794,147.3294,65.01,51,40,1.01
222,Flinders,AU,2021-10-26 03:36:44,-34.5833,150.8552,75.79,59,21,9.19
223,Kropotkin,RU,2021-10-26 03:36:44,45.4375,40.5756,35.73,71,15,7.65
224,Miracema Do Tocantins,BR,2021-10-26 03:36:45,-9.5618,-48.3967,75.2,89,100,0.94
225,Sorland,NO,2021-10-26 03:36:45,67.667,12.6934,44.67,88,99,15.82
226,Beloha,MG,2021-10-26 03:36:46,-25.1667,45.05,78.17,62,57,9.69
227,Hasaki,JP,2021-10-26 03:32:16,35.7333,140.8333,64.69,79,100,31.32
228,Balsas,BR,2021-10-26 03:36:46,-7.5325,-46.0356,78.55,73,35,1.25
229,Iskitim,RU,2021-10-26 03:36:47,54.6366,83.3045,45.25,53,100,13.67
230,Inhambane,MZ,2021-10-26 03:36:47,-23.865,35.3833,69.78,94,20,0.0
231,Nouadhibou,MR,2021-10-26 03:36:47,20.931,-17.0347,69.78,78,95,24.16
232,Puerto Escondido,MX,2021-10-26 03:32:27,15.85,-97.0667,81.43,69,40,3.44
233,Halkirk,CA,2021-10-26 03:36:48,52.2834,-112.1518,42.4,50,95,4.45
234,Coihaique,CL,2021-10-26 03:36:49,-45.5752,-72.0662,46.35,87,90,5.75
235,Maxixe,MZ,2021-10-26 03:36:49,-23.8597,35.3472,69.62,94,20,0.0
236,Zhezkazgan,KZ,2021-10-26 03:36:49,47.8043,67.7144,48.42,37,97,6.17
237,Umm Lajj,SA,2021-10-26 03:36:50,25.0213,37.2685,77.68,53,0,4.23
238,Saldanha,ZA,2021-10-26 03:36:50,-33.0117,17.9442,60.85,72,100,8.5
239,Airai,TL,2021-10-26 03:36:51,-8.9266,125.4092,81.27,31,84,2.8
240,Lima,PE,2021-10-26 03:34:57,-12.0432,-77.0282,60.13,82,75,10.36
241,Raudeberg,NO,2021-10-26 03:36:51,61.9875,5.1352,47.19,94,81,18.48
242,Milkovo,RU,2021-10-26 03:36:52,54.7167,158.6167,38.21,81,85,9.51
243,Muborak,UZ,2021-10-26 03:36:52,39.2553,65.1528,58.98,26,26,3.85
244,Wanning,CN,2021-10-26 03:36:52,18.8003,110.3967,77.23,84,97,13.89
245,Port Macquarie,AU,2021-10-26 03:33:28,-31.4333,152.9167,72.9,56,60,8.72
246,West Lake Stevens,US,2021-10-26 03:36:53,47.9934,-122.1018,52.79,85,75,7.0
247,Kangaatsiaq,GL,2021-10-26 03:36:53,68.3065,-53.4641,17.53,82,21,9.01
248,Thinadhoo,MV,2021-10-26 03:36:54,0.5333,72.9333,83.75,72,100,17.36
249,Roald,NO,2021-10-26 03:36:54,62.5833,6.1333,48.33,87,90,6.91
250,Verkhnyaya Inta,RU,2021-10-26 03:36:55,65.9811,60.3094,18.03,91,100,16.84
251,Muroto,JP,2021-10-26 03:36:55,33.2833,134.15,73.44,61,0,3.67
252,Leh,IN,2021-10-26 03:36:56,34.1667,77.5833,29.25,58,7,2.39
253,Athmallik,IN,2021-10-26 03:36:56,20.7219,84.5348,78.58,67,1,3.4
254,Lampa,CL,2021-10-26 03:36:56,-33.2833,-70.9,65.64,45,0,5.75
255,Luderitz,NA,2021-10-26 03:36:57,-26.6481,15.1594,55.27,91,2,2.13
256,Poum,NC,2021-10-26 03:36:57,-20.2333,164.0167,76.15,69,77,9.46
257,Jinchang,CN,2021-10-26 03:36:57,38.4953,102.1739,46.2,46,100,5.5
258,Hendala,LK,2021-10-26 03:36:58,6.9909,79.883,76.95,73,100,4.07
259,Mar Del Plata,AR,2021-10-26 03:34:02,-38.0023,-57.5575,57.87,79,0,18.99
260,Ormara,PK,2021-10-26 03:36:58,25.2088,64.6357,78.64,52,2,5.53
261,Sur,OM,2021-10-26 03:36:59,22.5667,59.5289,82.45,56,6,6.82
262,Lalin,ES,2021-10-26 03:36:59,42.7167,-8.1167,49.3,96,4,2.91
263,Hermosillo,MX,2021-10-26 03:36:06,29.0667,-110.9667,78.39,63,1,3.0
264,Mnogovershinnyy,RU,2021-10-26 03:37:00,53.9353,139.9242,41.67,70,14,3.24
265,Codroipo,IT,2021-10-26 03:37:00,45.96,12.9792,52.61,80,40,3.44
266,Deputatskiy,RU,2021-10-26 03:37:01,69.3,139.9,2.53,97,99,2.62
267,Buchanan,LR,2021-10-26 03:37:01,5.8808,-10.0467,76.96,91,100,4.7
268,Mantua,IT,2021-10-26 03:37:02,45.1667,10.7833,50.7,81,53,4.85
269,Shipunovo,RU,2021-10-26 03:37:02,52.1582,82.2173,47.82,50,100,7.27
270,Buala,SB,2021-10-26 03:37:03,-8.145,159.5921,85.05,68,98,8.12
271,Aykhal,RU,2021-10-26 03:37:03,66.0,111.5,14.2,91,35,8.7
272,Makaha,US,2021-10-26 03:37:04,21.4694,-158.2175,84.11,65,40,8.05
273,Jertih,MY,2021-10-26 03:37:04,5.7336,102.4897,85.91,65,27,5.59
274,Beatrice,US,2021-10-26 03:37:05,40.2681,-96.747,46.99,87,1,5.75
275,Tariba,VE,2021-10-26 03:37:05,7.8188,-72.2243,68.56,97,61,2.06
276,Astaneh-Ye Ashrafiyeh,IR,2021-10-26 03:36:39,37.2596,49.9444,53.53,92,100,10.02
277,Vila Do Maio,CV,2021-10-26 03:37:06,15.1333,-23.2167,77.79,82,100,11.72
278,Orcopampa,PE,2021-10-26 03:37:06,-15.2661,-72.3417,47.16,35,1,1.79
279,Abha,SA,2021-10-26 03:37:07,18.2164,42.5053,57.02,58,0,0.0
280,Ribeira Grande,PT,2021-10-26 03:37:07,38.5167,-28.7,69.21,77,26,22.64
281,Taikang,CN,2021-10-26 03:37:08,46.8333,124.4167,53.28,40,86,13.22
282,Kahului,US,2021-10-26 03:37:08,20.8947,-156.47,80.62,77,20,20.71
283,Ascension,US,2021-10-26 03:37:09,30.2169,-90.9001,73.99,96,1,0.0
284,Petropavlovsk-Kamchatskiy,RU,2021-10-26 03:37:09,53.0452,158.6483,45.19,61,75,6.71
285,Mayo,US,2021-10-26 03:37:10,38.8876,-76.5119,64.96,94,90,5.01
286,Katobu,ID,2021-10-26 03:37:10,-4.9408,122.5276,91.58,51,53,3.24
287,Fare,PF,2021-10-26 03:37:11,-16.7,-151.0167,74.05,92,100,7.38
288,Muisne,EC,2021-10-26 03:37:11,0.6,-80.0333,75.38,86,90,4.41
289,Guaiba,BR,2021-10-26 03:37:11,-30.1139,-51.325,63.18,88,0,0.0
290,Koungheul,SN,2021-10-26 03:37:12,13.9833,-14.8,78.67,72,100,5.35
291,Tiruttani,IN,2021-10-26 03:37:12,13.177,79.6128,81.39,62,74,5.06
292,Saint-Pierre,RE,2021-10-26 03:37:13,-21.3393,55.4781,75.18,65,0,1.14
293,Ponta Delgada,PT,2021-10-26 03:37:13,37.7333,-25.6667,68.72,77,40,12.66
294,Redmond,US,2021-10-26 03:32:25,47.674,-122.1215,53.6,85,100,8.01
295,Rawson,AR,2021-10-26 03:37:14,-43.3002,-65.1023,62.15,38,52,23.17
296,Labuhan,ID,2021-10-26 03:37:14,-6.8844,112.2051,89.74,56,26,6.76
297,Alofi,NU,2021-10-26 03:37:15,-19.0595,-169.9187,82.29,61,58,13.8
298,Boa Vista,BR,2021-10-26 03:37:15,2.8197,-60.6733,80.58,78,75,4.61
299,Aktash,RU,2021-10-26 03:37:15,50.3,87.7333,34.34,54,92,6.46
300,Angatuba,BR,2021-10-26 03:37:16,-23.4897,-48.4128,58.1,97,11,6.58
301,San Patricio,US,2021-10-26 03:37:16,28.017,-97.5169,80.89,74,96,8.39
302,Sao Filipe,CV,2021-10-26 03:37:17,14.8961,-24.4956,78.35,79,76,8.23
303,Conceicao Do Coite,BR,2021-10-26 03:37:17,-11.5639,-39.2828,70.16,86,10,7.07
304,Laguna,US,2021-10-26 03:37:17,38.421,-121.4238,57.25,78,1,3.0
305,Sisimiut,GL,2021-10-26 03:37:18,66.9395,-53.6735,17.56,65,0,11.88
306,Miranda,CO,2021-10-26 03:37:18,3.2499,-76.2281,66.33,93,100,2.44
307,Boyolangu,ID,2021-10-26 03:37:19,-8.1181,111.8935,87.12,55,99,9.55
308,Tambacounda,SN,2021-10-26 03:37:19,13.7539,-13.7586,78.85,89,0,6.91
309,Samarai,PG,2021-10-26 03:37:20,-10.6167,150.6667,83.52,72,100,10.22
310,Pisco,PE,2021-10-26 03:37:20,-13.7,-76.2167,60.85,82,0,3.44
311,Phonhong,LA,2021-10-26 03:37:20,18.5007,102.4166,80.42,65,57,1.45
312,Alice Town,BS,2021-10-26 03:37:21,25.7167,-79.3,81.97,76,98,14.97
313,Noumea,NC,2021-10-26 03:37:21,-22.2763,166.4572,82.38,99,9,16.82
314,Murupara,NZ,2021-10-26 03:37:22,-38.4667,176.7,65.55,53,49,7.45
315,Puri,IN,2021-10-26 03:37:22,19.8,85.85,82.38,67,5,9.17
316,Santa Ines,BR,2021-10-26 03:37:22,-3.6667,-45.38,75.13,93,35,4.03
317,Tiksi,RU,2021-10-26 03:37:23,71.6872,128.8694,4.39,94,100,3.85
318,Haapiti,PF,2021-10-26 03:37:23,-17.5667,-149.8667,76.73,86,100,11.5
319,Turtas,RU,2021-10-26 03:37:23,58.9417,69.1325,29.59,86,100,13.29
320,Mahina,PF,2021-10-26 03:37:24,-17.5065,-149.489,76.77,88,90,10.36
321,Kaniama,CD,2021-10-26 03:37:24,-7.5667,24.1833,64.96,95,94,2.42
322,Souillac,MU,2021-10-26 03:37:25,-20.5167,57.5167,75.36,83,40,14.97
323,Giraltovce,SK,2021-10-26 03:37:25,49.114,21.5173,35.42,74,20,4.32
324,Port Hardy,CA,2021-10-26 03:37:25,50.6996,-127.4199,48.38,100,90,3.44
325,Bontang,ID,2021-10-26 03:37:26,0.1333,117.5,82.98,72,94,6.08
326,Bulgan,MN,2021-10-26 03:37:26,48.8125,103.5347,43.75,38,40,4.61
327,Mount Isa,AU,2021-10-26 03:37:27,-20.7333,139.5,96.57,19,40,4.61
328,Borovoy,RU,2021-10-26 03:37:27,55.4333,86.0833,40.28,75,40,8.95
329,Juigalpa,NI,2021-10-26 03:37:27,12.1063,-85.3645,75.51,94,42,4.94
330,Bubaque,GW,2021-10-26 03:37:28,11.2833,-15.8333,82.13,74,100,6.38
331,Mountain Home,US,2021-10-26 03:37:28,43.133,-115.6912,45.79,100,90,4.61
332,Anadyr,RU,2021-10-26 03:37:29,64.75,177.4833,1.9,78,20,11.18
333,Margate,GB,2021-10-26 03:37:29,51.3813,1.3862,51.51,91,43,13.2
334,Sadovyy,RU,2021-10-26 03:37:30,53.3,34.3333,27.16,93,0,6.71
335,Pafos,CY,2021-10-26 03:37:30,34.7667,32.4167,62.51,55,0,9.22
336,Erenhot,CN,2021-10-26 03:37:30,43.6475,111.9767,45.25,38,0,4.0
337,Voyvozh,RU,2021-10-26 03:37:31,62.892,54.9635,19.38,98,92,1.61
338,Sibolga,ID,2021-10-26 03:37:31,1.7427,98.7792,84.45,70,100,5.12
339,Cascais,PT,2021-10-26 03:37:32,38.6979,-9.4215,62.51,73,0,10.0
340,Natori,JP,2021-10-26 03:37:32,38.1691,140.8823,59.05,94,75,11.5
341,Yichang,CN,2021-10-26 03:37:32,30.7144,111.2847,62.06,67,100,1.03
342,Smithers,CA,2021-10-26 03:34:25,54.7804,-127.1743,41.32,100,90,2.3
343,Yulara,AU,2021-10-26 03:37:33,-25.2406,130.9889,98.44,20,15,16.11
344,Carapur,IN,2021-10-26 03:37:33,15.55,73.9667,78.75,79,94,3.78
345,Yeroham,IL,2021-10-26 03:37:34,30.9872,34.9314,54.54,93,0,3.36
346,Hay River,CA,2021-10-26 03:37:34,60.8156,-115.7999,40.98,87,90,8.05
347,Ibra,OM,2021-10-26 03:37:35,22.6906,58.5334,77.16,53,5,2.13
348,Manga,BF,2021-10-26 03:37:35,11.6636,-1.0731,77.25,53,59,5.73
349,Yeppoon,AU,2021-10-26 03:37:35,-23.1333,150.7333,83.98,58,47,8.52
350,Krasnoselkup,RU,2021-10-26 03:37:36,65.7,82.4667,21.38,91,98,8.63
351,Bafut,CM,2021-10-26 03:37:36,6.0833,10.1,63.07,93,95,2.17
352,Menongue,AO,2021-10-26 03:37:37,-14.6585,17.691,66.42,77,98,4.36
353,Usinsk,RU,2021-10-26 03:37:37,65.9939,57.5281,11.12,94,67,9.33
354,Walvis Bay,NA,2021-10-26 03:37:37,-22.9575,14.5053,59.09,82,0,5.75
355,Novyy Urengoy,RU,2021-10-26 03:32:45,66.0833,76.6333,23.27,95,100,4.52
356,Caravelas,BR,2021-10-26 03:37:38,-17.7125,-39.2481,74.46,94,100,4.45
357,Finschhafen,PG,2021-10-26 03:37:38,-6.6024,147.8681,85.91,67,16,8.25
358,Itamaraca,BR,2021-10-26 03:37:39,-7.7478,-34.8256,80.65,73,100,10.49
359,Fuerte Olimpo,PY,2021-10-26 03:37:39,-21.0415,-57.8738,68.25,57,100,4.29
360,Sampit,ID,2021-10-26 03:37:40,-2.5333,112.95,90.91,56,32,2.62
361,Ambilobe,MG,2021-10-26 03:37:40,-13.2,49.05,80.19,50,5,7.2
362,Narsaq,GL,2021-10-26 03:37:41,60.9167,-46.05,41.22,50,7,6.15
363,Iquique,CL,2021-10-26 03:37:41,-20.2208,-70.1431,59.04,72,0,3.58
364,Mittagong,AU,2021-10-26 03:37:41,-34.45,150.45,68.61,32,9,1.05
365,Sitka,US,2021-10-26 03:37:42,57.0531,-135.33,42.69,75,1,4.61
366,Lazaro Cardenas,MX,2021-10-26 03:37:42,17.9583,-102.2,75.83,88,100,6.55
367,Salalah,OM,2021-10-26 03:37:43,17.0151,54.0924,71.69,60,0,2.3
368,Tessalit,ML,2021-10-26 03:37:43,20.1986,1.0114,81.27,21,53,7.65
369,Husavik,IS,2021-10-26 03:37:43,66.0449,-17.3389,24.71,79,80,8.79
370,Chilca,PE,2021-10-26 03:37:44,-12.5211,-76.7372,61.84,87,98,6.53
371,Camana,PE,2021-10-26 03:37:44,-16.6228,-72.7111,62.53,78,0,6.04
372,Balkanabat,TM,2021-10-26 03:37:45,39.5108,54.3671,57.79,59,100,7.83
373,Bella Vista,US,2021-10-26 03:37:45,36.4295,-94.2316,54.81,85,1,4.0
374,Vanavara,RU,2021-10-26 03:37:46,60.34,102.2797,31.48,77,98,12.28
375,Gannan,CN,2021-10-26 03:37:46,47.9147,123.5031,54.23,38,21,15.05
376,Hamminkeln,DE,2021-10-26 03:37:46,51.7333,6.5833,53.08,93,84,10.4
377,Surt,LY,2021-10-26 03:37:47,31.2089,16.5887,69.8,71,0,5.57
378,Tuatapere,NZ,2021-10-26 03:37:47,-46.1333,167.6833,56.01,95,95,4.99
379,Sorong,ID,2021-10-26 03:37:48,-0.8833,131.25,83.32,73,21,6.06
380,Chihuahua,MX,2021-10-26 03:34:57,28.5,-106.0,70.63,35,0,7.92
381,Arona,ES,2021-10-26 03:37:48,28.0996,-16.681,67.8,66,40,6.91
382,Envira,BR,2021-10-26 03:37:49,-7.3,-70.2167,67.96,99,100,1.07
383,Bentiu,SS,2021-10-26 03:37:49,9.2333,29.8333,76.35,67,43,3.78
384,Bantou,CN,2021-10-26 03:37:50,26.2151,117.4893,78.64,55,61,2.24
385,Evensk,RU,2021-10-26 03:37:50,61.95,159.2333,17.13,77,1,3.89
386,Mbini,GQ,2021-10-26 03:37:51,1.574,9.6134,75.54,92,100,7.72
387,Jibuti,DJ,2021-10-26 03:37:51,11.5,42.5,76.42,68,27,15.57
388,Grabouw,ZA,2021-10-26 03:37:52,-34.1515,19.0151,58.5,86,100,12.21
389,Birao,CF,2021-10-26 03:37:52,10.2849,22.7882,73.87,64,100,0.69
390,Bilma,NE,2021-10-26 03:37:52,18.6853,12.9164,79.03,17,0,7.61
391,Vagur,FO,2021-10-26 03:37:53,61.4732,-6.8119,47.17,73,29,11.68
392,Cherskiy,RU,2021-10-26 03:37:53,68.75,161.3,-9.08,94,99,2.19
393,Arawa,PG,2021-10-26 03:37:53,-6.2132,155.5367,81.97,84,49,0.18
394,Constitucion,CL,2021-10-26 03:37:54,-35.3333,-72.4167,56.66,79,48,10.31
395,Taoudenni,ML,2021-10-26 03:37:54,22.6783,-3.9836,83.12,18,100,8.3
396,Baykit,RU,2021-10-26 03:33:59,61.67,96.37,25.29,74,59,7.7
397,Tuusula,FI,2021-10-26 03:37:55,60.4037,25.0264,46.49,82,75,4.0
398,Tevaitoa,PF,2021-10-26 03:37:55,-16.7833,-151.5,74.71,88,100,7.7
399,Nucsoara,RO,2021-10-26 03:37:56,45.3333,24.7833,30.56,72,0,1.32
400,Zhigansk,RU,2021-10-26 03:37:56,66.7697,123.3711,26.15,96,100,14.61
401,Quang Ngai,VN,2021-10-26 03:37:56,15.1167,108.8,75.07,91,100,8.61
402,Vila Velha,BR,2021-10-26 03:36:50,-20.3297,-40.2925,73.35,83,90,4.61
403,Iqaluit,CA,2021-10-26 03:37:57,63.7506,-68.5145,31.73,86,90,15.99
404,Cidreira,BR,2021-10-26 03:37:57,-30.1811,-50.2056,63.57,73,0,5.23
405,Georgetown,MY,2021-10-26 03:37:58,5.4112,100.3354,88.9,75,40,3.0
406,Bud,US,2021-10-26 03:37:58,39.447,-86.1758,49.21,92,100,12.26
407,Lifford,IE,2021-10-26 03:37:58,54.8319,-7.4836,50.94,94,100,12.24
408,Batesville,US,2021-10-26 03:33:31,35.7698,-91.641,57.83,69,1,5.99
409,Sherlovaya Gora,RU,2021-10-26 03:37:59,50.5667,116.25,36.99,55,44,10.85
410,Bereda,ES,2021-10-26 03:37:59,43.2686,-7.5406,46.58,100,21,1.12
411,Youkounkoun,GN,2021-10-26 03:38:00,12.5333,-13.1333,73.54,93,95,3.11
412,Urengoy,RU,2021-10-26 03:38:00,65.9667,78.3667,22.87,95,100,6.2
413,Banjar,ID,2021-10-26 03:38:01,-8.19,114.9675,87.66,69,93,2.37
414,Blackwater,AU,2021-10-26 03:38:02,-23.5833,148.8833,87.19,39,51,6.24
415,Haverfordwest,GB,2021-10-26 03:38:02,51.8017,-4.9691,57.16,87,100,1.99
416,Mapiripan,CO,2021-10-26 03:38:03,2.8892,-72.1256,73.33,97,100,2.1
417,College Place,US,2021-10-26 03:38:03,46.0493,-118.3883,57.6,64,90,1.99
418,Ancud,CL,2021-10-26 03:38:03,-41.8697,-73.8203,51.33,94,100,13.0
419,Belyy Yar,RU,2021-10-26 03:38:04,53.6039,91.3903,48.09,61,0,2.24
420,Flin Flon,CA,2021-10-26 03:34:13,54.7682,-101.865,40.93,70,100,15.84
421,Baturaja,ID,2021-10-26 03:38:04,-4.1333,104.1667,90.77,57,98,1.48
422,Dongsheng,CN,2021-10-26 03:38:05,39.8161,109.9776,46.94,27,0,13.53
423,Tautira,PF,2021-10-26 03:38:05,-17.7333,-149.15,77.02,73,100,3.56
424,Vestmannaeyjar,IS,2021-10-26 03:38:06,63.4427,-20.2734,44.17,68,95,20.33
425,Ixtapa,MX,2021-10-26 03:38:06,20.7,-105.2,80.22,94,60,1.01
426,Ponnani,IN,2021-10-26 03:38:06,10.767,75.9252,79.92,82,27,4.41
427,Marzuq,YE,2021-10-26 03:38:07,14.4,46.4667,71.37,39,66,0.94
428,Lokomotivnyy,RU,2021-10-26 03:38:07,53.0118,60.5684,29.32,64,30,14.63
429,Paris,FR,2021-10-26 03:37:37,48.8534,2.3488,50.14,97,19,1.01
430,Salina,US,2021-10-26 03:34:25,38.8403,-97.6114,49.84,91,1,3.0
431,Rabo De Peixe,PT,2021-10-26 03:38:08,37.8,-25.5833,67.51,77,40,12.66
432,Diego De Almagro,CL,2021-10-26 03:38:09,-26.3667,-70.05,58.48,49,0,3.65
433,Yerofey Pavlovich,RU,2021-10-26 03:38:09,53.9667,121.9667,42.42,52,11,5.86
434,Port Hedland,AU,2021-10-26 03:38:09,-20.3167,118.5667,84.78,47,2,20.33
435,Bollnas,SE,2021-10-26 03:38:10,61.3482,16.3946,45.39,98,99,8.34
436,Kilindoni,TZ,2021-10-26 03:38:10,-7.9139,39.6668,78.67,81,63,8.61
437,Russell,US,2021-10-26 03:38:11,32.3502,-85.1999,67.6,88,1,0.0
438,Bom Jesus,BR,2021-10-26 03:38:11,-9.0744,-44.3586,77.25,71,7,0.98
439,Raga,SS,2021-10-26 03:38:11,8.4596,25.678,72.72,83,95,3.67
440,Westport,US,2021-10-26 03:35:51,41.1415,-73.3579,68.77,95,90,10.0
441,Shush,IR,2021-10-26 03:38:12,32.1942,48.2436,70.38,20,0,4.23
442,Hokitika,NZ,2021-10-26 03:38:12,-42.7167,170.9667,57.11,96,100,3.02
443,Carora,VE,2021-10-26 03:38:13,10.1755,-70.0827,73.47,86,32,4.7
444,Mocuba,MZ,2021-10-26 03:38:13,-16.8392,36.9856,76.21,86,88,6.26
445,Carnot,CF,2021-10-26 03:38:14,4.9409,15.8665,68.79,97,82,1.3
446,Ulaangom,MN,2021-10-26 03:38:14,49.9811,92.0667,40.37,51,11,2.1
447,Fort Nelson,CA,2021-10-26 03:38:15,58.8053,-122.7002,29.79,100,90,0.0
448,Bardiyah,LY,2021-10-26 03:38:15,31.7561,25.0865,68.86,80,57,10.71
449,Sydney,AU,2021-10-26 03:35:24,-33.8679,151.2073,76.55,60,20,5.99
450,Shingu,JP,2021-10-26 03:38:16,33.7333,135.9833,70.79,49,0,6.08
451,Darnah,LY,2021-10-26 03:38:18,32.767,22.6367,68.74,76,76,16.55
452,Thoen,TH,2021-10-26 03:38:18,17.6129,99.2161,85.93,64,42,0.89
453,Fonte Boa,BR,2021-10-26 03:38:18,-2.4959,-66.2662,73.63,93,98,1.39
454,Yatou,CN,2021-10-26 03:38:19,37.15,122.3833,65.46,47,100,9.66
455,Pirovskoye,RU,2021-10-26 03:38:19,57.6267,92.2658,36.55,71,99,2.84
456,Liuhe,CN,2021-10-26 03:38:20,42.2401,125.7172,55.72,64,98,10.02
457,Zhangye,CN,2021-10-26 03:38:20,38.9342,100.4517,49.53,42,66,4.9
458,Zambezi,ZM,2021-10-26 03:38:21,-13.5432,23.1047,67.17,81,89,2.35
459,San Jose,US,2021-10-26 03:34:04,37.3394,-121.895,57.09,80,20,4.61
460,Sume,BR,2021-10-26 03:38:21,-7.6717,-36.88,70.03,83,9,12.3
461,Nemuro,JP,2021-10-26 03:38:22,43.3236,145.575,57.63,81,100,15.3
462,Shambu,ET,2021-10-26 03:38:22,9.5667,37.1,50.32,69,53,3.85
463,Dzerzhinsk,RU,2021-10-26 03:38:22,56.2389,43.4631,33.62,74,75,13.42
464,Esperance,AU,2021-10-26 03:38:23,-33.8667,121.9,57.04,63,76,6.4
465,Takanabe,JP,2021-10-26 03:38:23,32.1333,131.5,71.49,41,0,4.43
466,Liwale,TZ,2021-10-26 03:38:24,-9.7667,37.9333,72.36,85,97,3.4
467,Kununurra,AU,2021-10-26 03:38:24,-15.7667,128.7333,98.58,39,18,8.05
468,Nova Olimpia,BR,2021-10-26 03:38:25,-14.7972,-57.2881,73.02,81,83,3.09
469,Hobyo,SO,2021-10-26 03:38:25,5.3505,48.5268,80.51,74,30,7.76
470,Kallithea,GR,2021-10-26 03:38:25,37.95,23.7,59.68,62,20,5.01
471,Pangkalanbuun,ID,2021-10-26 03:38:26,-2.6833,111.6167,92.3,49,78,4.03
472,Faya,SA,2021-10-26 03:38:26,18.3851,42.4509,57.31,63,0,1.57
473,Kloulklubed,PW,2021-10-26 03:38:27,7.0419,134.2556,88.3,64,41,7.63
474,Honiara,SB,2021-10-26 03:38:27,-9.4333,159.95,86.56,69,54,8.32
475,Port-Gentil,GA,2021-10-26 03:38:27,-0.7193,8.7815,76.19,88,100,7.67
476,Iskateley,RU,2021-10-26 03:38:28,67.6803,53.1512,21.34,87,85,10.42
477,Nouakchott,MR,2021-10-26 03:38:28,18.0858,-15.9785,80.53,46,100,11.48
478,Rockhampton,AU,2021-10-26 03:38:29,-23.3833,150.5,84.09,51,33,5.75
479,Pryazha,RU,2021-10-26 03:38:29,61.6926,33.6216,42.03,96,100,8.57
480,Virginia Beach,US,2021-10-26 03:34:19,36.8529,-75.978,68.04,93,80,1.99
481,Marovoay,MG,2021-10-26 03:38:30,-16.1,46.6333,75.34,50,1,10.87
482,Khani,GE,2021-10-26 03:38:30,41.9563,42.9566,36.97,91,81,4.7
483,Maragogi,BR,2021-10-26 03:38:30,-9.0122,-35.2225,77.61,67,95,9.42
484,Bandarbeyla,SO,2021-10-26 03:38:31,9.4942,50.8122,77.16,78,66,2.55
485,Egvekinot,RU,2021-10-26 03:38:31,66.3167,-179.1667,-1.07,87,16,6.6
486,Nhulunbuy,AU,2021-10-26 03:38:32,-12.2333,136.7667,92.01,52,40,13.8
487,Chinsali,ZM,2021-10-26 03:38:32,-10.5414,32.0816,66.18,58,34,3.49
488,Garowe,SO,2021-10-26 03:38:32,8.4054,48.4845,73.56,76,52,5.91
489,Peterhead,GB,2021-10-26 03:38:33,57.5058,-1.7981,45.0,82,100,15.32
490,Pacific Grove,US,2021-10-26 03:38:33,36.6177,-121.9166,56.88,88,1,3.0
491,Kamina,CD,2021-10-26 03:38:34,-8.7386,24.9906,63.28,97,100,2.84
492,Yazd,IR,2021-10-26 03:38:34,31.8972,54.3675,50.11,29,0,4.61
493,Okhotsk,RU,2021-10-26 03:38:34,59.3833,143.3,27.97,72,15,8.86
494,Bull Savanna,JM,2021-10-26 03:38:35,17.8868,-77.5902,76.55,78,33,6.4
495,Loreto,MX,2021-10-26 03:38:35,22.2667,-101.9667,58.33,77,100,9.4
496,Natal,BR,2021-10-26 03:38:36,-5.795,-35.2094,79.02,78,40,11.5
497,Syamzha,RU,2021-10-26 03:38:36,60.0158,41.0614,37.4,97,100,10.47
498,Vao,NC,2021-10-26 03:33:51,-22.6667,167.4833,71.98,78,12,16.6
499,Mogadishu,SO,2021-10-26 03:35:50,2.0371,45.3438,80.33,78,89,8.5
500,Aleksandrov Gay,RU,2021-10-26 03:38:37,50.147,48.5704,32.29,71,59,7.0
501,Ukiah,US,2021-10-26 03:34:43,39.1502,-123.2078,51.69,87,1,0.0
502,Strezhevoy,RU,2021-10-26 03:38:38,60.7333,77.5889,31.98,96,100,13.62
503,Starosubkhangulovo,RU,2021-10-26 03:38:38,53.1031,57.4423,27.41,80,33,4.65
504,Oneida,US,2021-10-26 03:38:39,43.2001,-75.4663,57.88,91,90,5.99
505,Svetlaya,RU,2021-10-26 03:38:39,46.5389,138.3297,54.84,48,0,7.07
506,Mayor Pablo Lagerenza,PY,2021-10-26 03:38:39,-19.9309,-60.7718,69.51,34,100,3.0
507,Asau,RO,2021-10-26 03:38:40,46.4333,26.4,33.76,64,2,2.48
508,Sehore,IN,2021-10-26 03:38:40,23.2,77.0833,73.67,55,6,5.37
509,Katangli,RU,2021-10-26 03:38:41,51.7102,143.2326,50.45,64,26,11.99
510,Mamallapuram,IN,2021-10-26 03:38:41,12.6264,80.1722,82.45,61,98,9.22
511,Tahe,CN,2021-10-26 03:38:41,52.3333,124.7333,43.99,57,63,7.9
512,Suntar,RU,2021-10-26 03:38:42,62.1444,117.6319,34.99,76,100,6.55
513,Libourne,FR,2021-10-26 03:38:42,44.9167,-0.25,55.53,92,4,1.3
514,Palmital,BR,2021-10-26 03:38:43,-22.7889,-50.2175,65.57,85,39,6.93
515,Chegdomyn,RU,2021-10-26 03:38:43,51.1167,133.0167,47.86,60,68,4.16
516,Amahai,ID,2021-10-26 03:38:43,-3.3333,128.9167,86.07,67,18,7.05
517,Megion,RU,2021-10-26 03:38:44,61.0296,76.1136,32.02,99,100,10.22
518,Manitowoc,US,2021-10-26 03:38:44,44.0667,-87.8001,46.4,88,90,3.0
519,Codrington,AU,2021-10-26 03:38:45,-38.2667,141.9667,65.79,47,99,5.39
520,Jalna,IN,2021-10-26 03:38:45,19.8333,75.8833,76.08,46,3,5.12
521,Tulum,MX,2021-10-26 03:38:45,20.2167,-87.4667,82.98,89,52,4.68
522,Avera,US,2021-10-26 03:38:46,33.194,-82.5271,73.27,88,18,12.19
523,Asyut,EG,2021-10-26 03:38:14,27.181,31.1837,62.78,60,0,6.98
524,Laterza,IT,2021-10-26 03:38:47,40.6295,16.7997,58.26,94,90,2.3
525,Tateyama,JP,2021-10-26 03:38:47,34.9833,139.8667,66.47,75,63,23.42
526,Tenenkou,ML,2021-10-26 03:38:47,14.4572,-4.9169,85.62,44,46,5.1
527,Bari Sadri,IN,2021-10-26 03:38:48,24.4167,74.4667,71.94,51,40,5.01
528,Montmagny,FR,2021-10-26 03:38:48,48.9734,2.3469,50.02,94,20,3.44
529,Oranjemund,NA,2021-10-26 03:38:48,-28.55,16.4333,57.02,89,0,4.38
530,Nadym,RU,2021-10-26 03:38:49,65.5333,72.5167,25.23,95,100,1.63
531,Nagato,JP,2021-10-26 03:38:49,34.3833,131.2,69.75,55,16,11.25
532,Kargil,IN,2021-10-26 03:38:50,34.5667,76.1,32.59,49,13,1.95
533,Ketchikan,US,2021-10-26 03:35:18,55.3422,-131.6461,48.67,87,90,4.61
534,La Libertad,EC,2021-10-26 03:38:50,-2.2333,-80.9,70.47,85,98,7.99
535,Quimper,FR,2021-10-26 03:38:51,48.0,-4.1,56.61,100,90,4.61
536,Northam,GB,2021-10-26 03:38:51,51.0333,-4.2167,55.65,93,100,12.77
537,Troitskoye,RU,2021-10-26 03:38:51,52.9821,84.6757,47.25,52,100,8.41
538,Nadvoitsy,RU,2021-10-26 03:38:52,63.8667,34.3167,36.84,99,100,5.61
539,Ostrovnoy,RU,2021-10-26 03:38:52,68.0531,39.5131,24.82,82,82,6.44
540,High Level,CA,2021-10-26 03:38:53,58.5169,-117.136,39.31,100,90,4.61
541,Skelleftea,SE,2021-10-26 03:38:53,64.7507,20.9528,30.99,69,90,2.3
542,Krasnooktyabrskiy,RU,2021-10-26 03:38:54,44.9328,38.3712,37.09,85,7,5.46
543,Portland,US,2021-10-26 03:36:18,45.5234,-122.6762,53.51,89,93,3.0
544,Tamiahua,MX,2021-10-26 03:38:54,21.2667,-97.45,78.71,91,100,3.0
545,Kiunga,PG,2021-10-26 03:38:55,-6.1219,141.2906,95.38,46,50,1.25
546,Nizwa,OM,2021-10-26 03:38:55,22.9333,57.5333,78.89,45,4,2.37
547,Wakkanai,JP,2021-10-26 03:38:55,45.4094,141.6739,60.78,67,75,16.11
548,Boulder,US,2021-10-26 03:38:56,40.0833,-105.3505,58.82,47,1,5.01
549,Aksu,CN,2021-10-26 03:38:56,41.1231,80.2644,52.3,34,4,1.01
550,Forest Grove,US,2021-10-26 03:38:56,45.5198,-123.1107,52.99,81,75,1.99
